user_id,first_name,last_name,age,email,password
1,Birch,Brick,24,bbrick0@japanpost.jp,eN4+Zd
2,Gwennie,Hayto,15,ghayto1@whitehouse.gov,wD97XB+>2sc.
3,Baron,Bredee,25,bbredee2@cocolog-nifty.com,"hO7{&3"""
4,Marco,Duffet,19,mduffet3@topsy.com,kW3&C<3!NSz$
5,Kira,Wakely,15,kwakely4@wordpress.org,sB1hyrV
6,Amanda,Yarranton,13,ayarranton5@marketwatch.com,xI2(G7FU`m}
7,Tammara,Custance,13,tcustance6@1und1.de,wA2cq!E*.g1w
8,Alice,Warren,22,awarren7@time.com,"mG56`,"
9,Mallory,Sones,18,msones8@google.ru,iL56UW9RSl
10,Brittany,Forrestor,19,bforrestor9@wunderground.com,kA2MN7FrUzX2
11,Phyllida,Linnit,20,plinnita@wsj.com,fQ1%{_e3nh.
12,Noella,Larwell,22,nlarwellb@huffingtonpost.com,vQ9?Yuhu
13,Gwen,Cluett,21,gcluettc@ftc.gov,vH1rx{Z=
14,Gregoire,MacGibbon,20,gmacgibbond@google.nl,wV3!H?VRtu
15,Susette,Matzkaitis,24,smatzkaitise@youku.com,nJ9(vbB
16,Georges,Le Borgne,23,gleborgnef@friendfeed.com,bF8KY<H7
17,Flossy,McAnellye,24,fmcanellyeg@ezinearticles.com,yE4EA'
18,Monah,Yancey,15,myanceyh@google.co.jp,"sI9r>1,"
19,Mord,Harle,22,mharlei@g.co,kY8R<pFs
20,Maximilian,Mingard,23,mmingardj@multiply.com,zE635~wJ}wP
21,Ruggiero,Geindre,16,rgeindrek@go.com,cR05kcZ4>PQ*
22,Raleigh,Seabrook,17,rseabrookl@soundcloud.com,sA5'Lu*aa
23,Laurice,Ekell,21,lekellm@youtube.com,fO20<B<
24,Benjamin,Maddison,21,bmaddisonn@moonfruit.com,mV7B59?L
25,Odell,Chelnam,14,ochelnamo@tinypic.com,dU5W?(
26,Sergei,Wheatland,19,swheatlandp@digg.com,jU1m(v<(MYKe
27,Kincaid,Duff,19,kduffq@cnet.com,"lJ1,QP0G"
28,Maggy,Spensley,13,mspensleyr@tripod.com,tS2CIsQTs
29,Jacquelin,Grayshan,25,jgrayshans@google.fr,gG24>_qJ
30,Hanson,Reeks,17,hreekst@hc360.com,"zC6a?~,c,<G"
31,Garrot,Mackie,21,gmackieu@live.com,jW2@G(h4yM
32,Chelsie,Tomashov,15,ctomashovv@time.com,xP8gAy>E<HJ
33,Che,Matterface,16,cmatterfacew@tuttocitta.it,xG3~r.ARM
34,Ken,Eastbrook,23,keastbrookx@creativecommons.org,sC1ZCF{~Q
35,Elisabeth,Beckwith,22,ebeckwithy@slideshare.net,"lY7.m,"
36,Kearney,Folbig,20,kfolbigz@wufoo.com,eA3ilA68?
37,Gallagher,Branthwaite,19,gbranthwaite10@yellowbook.com,"eM1k_k@*T/"""
38,Eadmund,Morrison,14,emorrison11@redcross.org,cT0Pm}E%L'CZ
39,Pattin,Gregoretti,20,pgregoretti12@over-blog.com,"uR5Q.~IG5,"
40,Austina,Henryson,19,ahenryson13@wikipedia.org,dP6#yMW9T
41,Bonnibelle,Carlyon,24,bcarlyon14@trellian.com,mZ1e'|DRz.yZ
42,Agace,Geane,20,ageane15@xing.com,nH79CU
43,Fremont,Antoniat,19,fantoniat16@mac.com,yE1Bwn<Z{e
44,Lyman,Lugsdin,15,llugsdin17@amazon.co.uk,cJ0(XjM1i
45,Lucho,Lukianovich,21,llukianovich18@utexas.edu,dN4WG@
46,Rora,O'Scandall,16,roscandall19@scientificamerican.com,iO9z))m1
47,Maude,Gowanson,16,mgowanson1a@upenn.edu,pJ1@dAcl}C&w
48,Wenona,Patron,17,wpatron1b@census.gov,yO30&_XF
49,Shelden,Quail,23,squail1c@smh.com.au,zH6PnONt1%
50,Lorenza,Lepard,18,llepard1d@newyorker.com,rZ30STx
51,Oswald,Usherwood,21,ousherwood1e@51.la,iY9$<pM{e
52,Valentino,De Banke,13,vdebanke1f@wikia.com,pS3B\Y@!
53,Brandais,Robke,16,brobke1g@lulu.com,mI3%*4iTT
54,Joshuah,Hornbuckle,19,jhornbuckle1h@apache.org,eX8u7cxh
55,Dani,de Juares,24,ddejuares1i@linkedin.com,jZ6HB4rW
56,Lazaro,Kalinsky,16,lkalinsky1j@chicagotribune.com,"uB9fhT""w"
57,Cello,Farress,17,cfarress1k@xing.com,aB4IOz(Hu
58,Trescha,Gounin,14,tgounin1l@mayoclinic.com,gJ797G`EgCx
59,Tersina,Ballantyne,13,tballantyne1m@symantec.com,tC2IU{i
60,Karlyn,Beardsworth,13,kbeardsworth1n@shop-pro.jp,uB6OmK>
61,Sutton,Yakobovicz,13,syakobovicz1o@cam.ac.uk,rE7GBq|o
62,Drusie,Blomefield,15,dblomefield1p@google.es,sL8+x>htq
63,Penny,Teape,22,pteape1q@storify.com,rX64ewQc
64,Arnold,Dagnall,24,adagnall1r@imageshack.us,tW2bC|SW&tq
65,Cleveland,Giovanetti,17,cgiovanetti1s@hp.com,aH0g~g$T<Tiu
66,Ginni,Pollicott,24,gpollicott1t@webmd.com,"tX2/Sb,`SM4"
67,Ferdy,Hainge,20,fhainge1u@nasa.gov,rF22&b
68,Mommy,Ginger,15,mginger1v@elegantthemes.com,bK2uuBtHif(
69,Joell,Feaver,16,jfeaver1w@istockphoto.com,fX20O{(h&
70,Charmain,Coase,13,ccoase1x@boston.com,bC0\6F}i
71,Marcella,Iskow,23,miskow1y@e-recht24.de,aC9K=K
72,Britta,Ingman,18,bingman1z@bigcartel.com,pA5(#2(d%(+
73,Murry,Willcot,13,mwillcot20@wufoo.com,yQ0tec<dyr
74,Donal,Althrop,22,dalthrop21@shinystat.com,tR9k4el)ELw
75,Norbie,Dron,24,ndron22@php.net,zQ4AhS&
76,Merl,Bellon,19,mbellon23@barnesandnoble.com,rD5q1@H%~Q1
77,Irene,Lunck,13,ilunck24@biblegateway.com,tG9P7gxh2/
78,Ward,Marc,16,wmarc25@nhs.uk,fV0oc#
79,Frederic,Tomaszkiewicz,18,ftomaszkiewicz26@163.com,eB4k_pm*
80,Rip,Mellonby,16,rmellonby27@mozilla.com,hH6Ns$w
81,Rhodia,Blampy,22,rblampy28@arizona.edu,"eT34,_"
82,Wynny,Collinwood,25,wcollinwood29@newsvine.com,eP3k#<
83,Gare,Massie,25,gmassie2a@google.nl,hC2183
84,Ashien,Dagg,24,adagg2b@wikimedia.org,aN1&KaFV(
85,Jaime,Toopin,21,jtoopin2c@nydailynews.com,"gI0eO,!"
86,Baillie,Twell,14,btwell2d@guardian.co.uk,tC1tDR'1M
87,Salomi,Dearl,13,sdearl2e@berkeley.edu,oP3Tyfgz7jV
88,Mortimer,Braznell,24,mbraznell2f@flavors.me,"uS7(""ZC8"
89,Row,Schowenburg,24,rschowenburg2g@wix.com,aB0qM)4u
90,Orlan,Goulbourn,17,ogoulbourn2h@va.gov,"bS0_JW&iYP,"
91,Geordie,Lamplugh,19,glamplugh2i@bloomberg.com,hK4i156'4V
92,Zaneta,Szwandt,22,zszwandt2j@linkedin.com,"aD0xBb(Vb=q"""
93,Jeanie,Effnert,16,jeffnert2k@wikimedia.org,zZ0<h!
94,Brnaby,Isaacs,21,bisaacs2l@army.mil,xN0Vkx
95,Sarene,Scamadine,22,sscamadine2m@myspace.com,kF8tx\
96,Anastasia,Kropp,22,akropp2n@e-recht24.de,xU2b`EwO
97,Innis,Biagini,25,ibiagini2o@cnn.com,iX1}E5z
98,Marabel,Abernethy,20,mabernethy2p@hexun.com,"sM8U""*oHW"
99,Hedi,Fuggles,19,hfuggles2q@huffingtonpost.com,kT5vn52bY
100,Esther,Baumaier,23,ebaumaier2r@smugmug.com,gD5QS'h)<\4
101,Catarina,Storer,15,cstorer2s@virginia.edu,mE545E}Om5
102,Sigfrid,Pinck,20,spinck2t@huffingtonpost.com,aX96U}B$6
103,Milty,Prando,20,mprando2u@live.com,qG8n(N&$m5
104,Rickey,McNeilley,19,rmcneilley2v@digg.com,qB9L)&U|3>@|
105,Osborne,Charlo,20,ocharlo2w@csmonitor.com,zT0hyOE{
106,Ericha,Jacson,22,ejacson2x@amazon.com,kE1MtqDQ
107,Townsend,Halpin,16,thalpin2y@msu.edu,sW7VTU02S
108,Nadiya,Wakelam,16,nwakelam2z@washington.edu,fU9QWK
109,Merlina,Raynham,20,mraynham30@shutterfly.com,aS4cl4f
110,Scot,MacIlhagga,24,smacilhagga31@quantcast.com,"eA3T.&,"
111,Kittie,Janata,14,kjanata32@miitbeian.gov.cn,tF8TUa16'
112,Juliana,Squire,21,jsquire33@goo.gl,aH3Ez3
113,Raeann,Melchior,20,rmelchior34@ocn.ne.jp,tV6cwU'
114,Brandie,Pyrton,21,bpyrton35@aol.com,wA5_VYv1zj0
115,Woody,Insoll,23,winsoll36@behance.net,iQ0X3uj6
116,Malinde,Mateiko,22,mmateiko37@soup.io,aX2hl7og
117,Elfreda,Boak,13,eboak38@yandex.ru,oH4jy}
118,Lark,MacInnes,22,lmacinnes39@admin.ch,rH3/Wx
119,Enriqueta,Driuzzi,19,edriuzzi3a@umich.edu,vX4!j>m?K.
120,Johnny,Shoebottom,25,jshoebottom3b@yale.edu,jX0EjA<A
121,Cecil,Jenny,20,cjenny3c@pagesperso-orange.fr,pI3%tlp(Uc.
122,Kali,Cockaday,19,kcockaday3d@prnewswire.com,fW7Sgb
123,Jerad,Cannon,17,jcannon3e@mail.ru,mA4VpPIJVPo{
124,Sapphire,Mumm,14,smumm3f@xing.com,aU0z(E
125,Cosette,Collins,13,ccollins3g@goo.gl,"zV3K,,Gz/hE%"
126,Rowan,Wolfe,22,rwolfe3h@freewebs.com,jF1>gbE
127,Bartlet,Crallan,14,bcrallan3i@mlb.com,wE4To{
128,Winifred,Cushworth,19,wcushworth3j@ibm.com,nK88#p#\p/{
129,Sabina,MacUchadair,20,smacuchadair3k@lycos.com,rZ6ipr+nc
130,Rik,Tremellan,14,rtremellan3l@cam.ac.uk,oQ2y{DO
131,Correy,Dettmar,13,cdettmar3m@elegantthemes.com,rU3g/8aC
132,Jedediah,Jowitt,23,jjowitt3n@thetimes.co.uk,uH3J0H@>Cw
133,Jelene,Caulton,23,jcaulton3o@wp.com,qI8<n4G
134,Mersey,Palphreyman,21,mpalphreyman3p@i2i.jp,kP5k'L
135,Lita,Dmisek,24,ldmisek3q@scientificamerican.com,lH0_#IOo
136,Muffin,Enderle,19,menderle3r@umich.edu,wO5Sa1e2d@
137,Dael,Slide,15,dslide3s@themeforest.net,qV6rd8|xb
138,Deeanne,Pardie,22,dpardie3t@earthlink.net,iQ0V+vxSYD
139,Gretna,Seaborn,25,gseaborn3u@unicef.org,"gC47_i9""BEH"
140,Gusti,Allen,18,gallen3v@merriam-webster.com,cT47hXL#8uJ
141,Kristopher,Galiford,25,kgaliford3w@digg.com,"iP5/.kuy""o"
142,Morena,Jacobowitz,24,mjacobowitz3x@symantec.com,fH1KlHx
143,Yoshi,Grunbaum,20,ygrunbaum3y@etsy.com,mJ7Dlr1R32i#
144,Kaye,Steven,17,ksteven3z@earthlink.net,iJ7>er{vDR/
145,Jakob,Hentze,24,jhentze40@independent.co.uk,oS1qWm
146,Curtis,Labitt,14,clabitt41@naver.com,lV08v5UX
147,Dorree,Handlin,22,dhandlin42@nifty.com,aB57w'I`Pf
148,Constancia,Michieli,14,cmichieli43@ted.com,wE4Z!0m`s6
149,Doyle,Labb,20,dlabb44@51.la,hZ3H/uy!0G
150,Glenda,Penzer,20,gpenzer45@istockphoto.com,zY49QK.F)
151,Bree,Dumbelton,22,bdumbelton46@disqus.com,mG3pX*1
152,Ilise,Fairlie,23,ifairlie47@ameblo.jp,hS3sZ{N|Y
153,Estelle,Kondratowicz,17,ekondratowicz48@booking.com,"kB3W,qk8S"
154,Marcelo,Bridie,25,mbridie49@cyberchimps.com,dH7f_H
155,Kalie,Hellcat,15,khellcat4a@acquirethisname.com,tW96Uu&O
156,Florri,Bucktrout,17,fbucktrout4b@surveymonkey.com,hJ9j{FB(<
157,Franzen,Schulz,16,fschulz4c@slideshare.net,tT8FSx
158,Tirrell,Paddon,24,tpaddon4d@narod.ru,xH0OZV
159,Camellia,Jerrans,20,cjerrans4e@wikia.com,"aY3qQE<SQZ_"""
160,Oliviero,Snoday,25,osnoday4f@tuttocitta.it,uG9y*p0wxpUf
161,Prince,Waltho,17,pwaltho4g@creativecommons.org,rA48Uo`4G5
162,Doroteya,Alster,16,dalster4h@blogspot.com,mK0EX8%6
163,Tammara,Strond,15,tstrond4i@hostgator.com,zK1A.TnKf
164,Donella,Hallewell,19,dhallewell4j@wikipedia.org,aI4F2icN
165,Chloris,Castelyn,22,ccastelyn4k@tmall.com,mR17FE(ZK)h
166,Krysta,Pierson,19,kpierson4l@time.com,pC3fP>Y.{85O
167,Caro,Brazelton,24,cbrazelton4m@facebook.com,kH3j`T`N&
168,Rancell,Roch,15,rroch4n@edublogs.org,vO8}tGHPC)no
169,Judas,Stenton,17,jstenton4o@examiner.com,tI7JFLH&a
170,Florrie,Oppie,24,foppie4p@imgur.com,iW5Ei+
171,Sauveur,Cudde,19,scudde4q@behance.net,uP9#CSwHM
172,Emmy,Click,20,eclick4r@wsj.com,qR5*#Zv5
173,Sukey,Heathcote,25,sheathcote4s@cbc.ca,rN0W&>GEWV
174,Guss,Borth,17,gborth4t@rambler.ru,zR4Bo4Gr8
175,Francyne,Downing,19,fdowning4u@artisteer.com,sC6QDxrj%
176,Tito,Fransinelli,21,tfransinelli4v@dropbox.com,aA8q$b=}aW?
177,Isaiah,Tremblett,16,itremblett4w@com.com,"yC4l5KbP""<"
178,Rolf,Stonall,14,rstonall4x@state.tx.us,mU6NY4GKi
179,Georgeanne,Killerby,19,gkillerby4y@prweb.com,fN8\daz7'%
180,Chantalle,Stollenwerck,24,cstollenwerck4z@cmu.edu,rS0S9_8c<O
181,Olga,Rothery,20,orothery50@hp.com,mP1f~W4x3#
182,Dennison,Kennewell,21,dkennewell51@storify.com,"xX6R""a=j"
183,Hardy,Gilman,14,hgilman52@vinaora.com,vE5ugC0ys%j
184,Guntar,De Gregario,22,gdegregario53@census.gov,rQ0Ly2*Any
185,Dena,Camies,19,dcamies54@istockphoto.com,tC0q<*|
186,Westbrook,Junes,17,wjunes55@indiegogo.com,eZ00=GC5q?I
187,Norry,Abethell,17,nabethell56@illinois.edu,tP7nbX<c0e)
188,Nicko,Flindall,21,nflindall57@globo.com,zY4Vej
189,Sherlock,Willgoss,21,swillgoss58@feedburner.com,wJ9?iDoZef
190,Asa,Hussell,21,ahussell59@apple.com,"hS3""wxsqi"
191,Gifford,Hehnke,15,ghehnke5a@cocolog-nifty.com,"sC4k6GD""G"
192,Cicely,Barbie,16,cbarbie5b@yelp.com,eA6a@QfV5#Bb
193,Arman,Titcombe,18,atitcombe5c@buzzfeed.com,iW5Y%=koG@
194,Nanci,Olivetti,20,nolivetti5d@vkontakte.ru,eP1OeA
195,Conway,Toulson,21,ctoulson5e@sogou.com,zD0b@..
196,Gui,Stiger,20,gstiger5f@amazon.co.jp,dO6b|z5d@
197,Archy,Rawlcliffe,24,arawlcliffe5g@sourceforge.net,pH6d$i}t
198,Latrena,Richardt,14,lrichardt5h@gnu.org,yG8%ot/
199,Talia,Cantos,25,tcantos5i@abc.net.au,mR7Vqv3%w4`K
200,Janella,Bowmer,13,jbowmer5j@wikimedia.org,xV5`Gusa
201,Tabbitha,Rigate,24,trigate5k@cmu.edu,"jT5},<qc"
202,Sarina,Backhouse,15,sbackhouse5l@google.fr,xE2zkmH?
203,Carny,Manilove,23,cmanilove5m@google.ru,qP0vMw~?j3T/
204,Marieann,Abarough,14,mabarough5n@abc.net.au,oK72WK)<t
205,Torrance,Pitrelli,22,tpitrelli5o@bluehost.com,"tV6<,>"
206,Wynn,Maxweell,21,wmaxweell5p@icio.us,sF2Hp7+1r
207,Ernie,O'Canavan,23,eocanavan5q@exblog.jp,"qL3|\WB3,S7"
208,Thurstan,Erat,17,terat5r@webs.com,tE2{X6
209,Tully,Letchford,17,tletchford5s@cbslocal.com,gA005n=N0P
210,Patrice,Duling,17,pduling5t@about.com,aZ68I{9
211,Rebe,Bison,15,rbison5u@gnu.org,"wU9""2kF6w,M"
212,Leonelle,Gander,23,lgander5v@upenn.edu,iG2ITv
213,Alic,Fullilove,14,afullilove5w@hatena.ne.jp,gI6'Ea(0$C
214,Natty,Maydwell,22,nmaydwell5x@mapy.cz,fK0ku6`?FcqQ
215,Cliff,Tubble,21,ctubble5y@163.com,nF7r+4qU
216,Tarrah,Jotham,18,tjotham5z@salon.com,sV2R0L=F5H
217,Auroora,Kolushev,17,akolushev60@wunderground.com,hO7gQV'4eq
218,Walton,Janny,25,wjanny61@intel.com,uC9SDtzl
219,Ulric,Sorrill,18,usorrill62@shareasale.com,xO4gx5
220,Catarina,Oaten,17,coaten63@odnoklassniki.ru,wM3z*c|8
221,Ernestus,McGraw,15,emcgraw64@msn.com,rH9)f_s
222,Deina,Seleway,25,dseleway65@redcross.org,tK2aor
223,Zak,Mowsdill,13,zmowsdill66@mediafire.com,wZ96n8r=%z
224,Ossie,Ternent,24,oternent67@histats.com,fL0xh~Rruy
225,Cynthie,Aphale,19,caphale68@webs.com,nG3K1q{$wPKj
226,Garwin,Keirl,24,gkeirl69@friendfeed.com,fS2bBrDxS
227,Marlyn,Bondy,18,mbondy6a@mozilla.com,tC3pt`22Kwy
228,Roxie,Kobke,23,rkobke6b@so-net.ne.jp,qG28GfSa9
229,Davida,Stivani,24,dstivani6c@chronoengine.com,oK2m<Qov
230,Odelinda,Bothams,24,obothams6d@vkontakte.ru,tW5q0?=
231,Gilbertina,Gregorowicz,14,ggregorowicz6e@dell.com,pS2Da&.!zhpN
232,Laural,Filimore,21,lfilimore6f@freewebs.com,fH81bgRE'G&
233,Danielle,Hiley,16,dhiley6g@technorati.com,eA7)yg
234,Marcie,MacMoyer,23,mmacmoyer6h@unicef.org,"pH9SA,&Lr"
235,Stacey,Agutter,13,sagutter6i@hibu.com,yD3E&/X/l
236,Clerkclaude,Surr,21,csurr6j@goodreads.com,tK9!yBtjTE
237,Gery,Jacke,24,gjacke6k@zdnet.com,mT2pID29Yme
238,Aluin,Beadell,21,abeadell6l@mysql.com,hG7Tf.
239,Eadmund,Noquet,14,enoquet6m@apache.org,aQ5D0_~
240,Cleopatra,Deveraux,19,cdeveraux6n@ucoz.ru,"xA0laF{,H6qY"
241,Fina,Micallef,23,fmicallef6o@google.co.jp,tW4k@G
242,Hurley,Schirak,15,hschirak6p@amazon.com,aK2)Hpu#fQ\0
243,Pascal,Vinton,14,pvinton6q@qq.com,cN7Eb?yrLbX
244,Vivian,Hryskiewicz,21,vhryskiewicz6r@imdb.com,sC1T>dZy5cE
245,Pris,Millett,20,pmillett6s@forbes.com,fQ4#.Cp
246,Kariotta,Ribchester,20,kribchester6t@trellian.com,"nE0$DUVK,"
247,Sayres,Cobleigh,18,scobleigh6u@reference.com,"mL07N3#I""?qu"
248,Karlene,Mulberry,13,kmulberry6v@hatena.ne.jp,nF7FP/t?
249,Nadine,Baack,23,nbaack6w@google.com.br,cC6gA%
250,Eden,Ateridge,19,eateridge6x@facebook.com,jN2Mu4M`z
251,Anne-marie,Purton,15,apurton6y@oracle.com,"bL1zIT_""<"
252,Rogerio,Stanier,13,rstanier6z@ebay.com,qZ5EyaB5T
253,Ruben,Cumpsty,15,rcumpsty70@phoca.cz,yZ7xH%|/|Y0
254,Marisa,Kightly,15,mkightly71@utexas.edu,pG0+N%~yN2
255,Bobine,Ashburner,25,bashburner72@nih.gov,oZ4xBW<n
256,Patten,Late,17,plate73@yellowbook.com,eK0{O7z4t%sc
257,Codi,Tanton,15,ctanton74@sphinn.com,lE6gVSi7
258,Marty,Maiden,24,mmaiden75@army.mil,wA9Ejw
259,Cally,Botwood,14,cbotwood76@cbsnews.com,zC5sEz\M
260,Lauryn,Schwaiger,15,lschwaiger77@mit.edu,zE4R'&Z\HFrP
261,Peterus,Duding,21,pduding78@nhs.uk,xQ4$l!
262,Enos,Glasheen,24,eglasheen79@ucsd.edu,wE0o=K$t4\
263,Francoise,Farman,17,ffarman7a@bbb.org,uA7<f!s
264,Irene,Zanitti,24,izanitti7b@tripadvisor.com,zG4ZcoX
265,Andrus,Arnowitz,16,aarnowitz7c@blinklist.com,wS2/'CC}F8!S
266,Gaultiero,Immins,25,gimmins7d@nps.gov,pE89Zy79/
267,Eugen,Goretti,17,egoretti7e@shareasale.com,nL2~I<N
268,Beaufort,Bottlestone,15,bbottlestone7f@google.com.au,pW93I#N
269,Lorri,McKevany,22,lmckevany7g@google.com.au,mE0blf4#M
270,Lorne,Hardwicke,15,lhardwicke7h@istockphoto.com,bL43PlA*3S*
271,Dallon,Yallop,21,dyallop7i@sciencedaily.com,bR4eI9
272,Maighdiln,Aglione,23,maglione7j@theatlantic.com,wP0%0.
273,Coretta,Abbys,24,cabbys7k@jugem.jp,kP17<9g(
274,Lishe,Larking,17,llarking7l@seesaa.net,eR5<gAI1%
275,Kelsey,Neeves,24,kneeves7m@youtube.com,aE7oyp
276,Allin,Colbridge,24,acolbridge7n@constantcontact.com,eQ2u(KaM
277,Leo,Fawssett,16,lfawssett7o@google.fr,jC6+mlly#_
278,Tabbie,Sutliff,19,tsutliff7p@indiegogo.com,gC7|@F3n6#>
279,Skippie,Cappell,17,scappell7q@wiley.com,gH5j>cKj
280,Teriann,Simonnot,18,tsimonnot7r@vk.com,hI0q0<mb'$
281,Elga,Lesmonde,24,elesmonde7s@blinklist.com,"hM9YzIo,L6/"
282,Noach,Baxstair,23,nbaxstair7t@posterous.com,uE771KyZ(EKw
283,Irene,Shieber,24,ishieber7u@newsvine.com,nY1tVms\qW
284,Kora,Chason,17,kchason7v@istockphoto.com,mO6CrX
285,D'arcy,Bull,18,dbull7w@cdbaby.com,vN5lu7J3
286,Wynny,Carluccio,20,wcarluccio7x@ed.gov,cB0L.9B
287,Drugi,Lahy,18,dlahy7y@seattletimes.com,oI0GxfmP=8xm
288,Tracey,Goodread,13,tgoodread7z@gravatar.com,yD1K.#t
289,Elisabet,Prantoni,15,eprantoni80@artisteer.com,kM9915B
290,Nonnah,Jambrozek,13,njambrozek81@mozilla.com,eR5B'\
291,Pasquale,Cary,22,pcary82@toplist.cz,kQ4{~V4
292,Cacilia,Box,19,cbox83@163.com,oH45=t~HMF
293,Modestia,Berzon,19,mberzon84@oaic.gov.au,xX3XH6=\kE4
294,Jodee,Bromby,18,jbromby85@free.fr,eG40?Byk7U*
295,Katy,Amiss,23,kamiss86@163.com,"uN5X""s7`"
296,Zonnya,Dumbelton,16,zdumbelton87@symantec.com,kB45Dds.
297,Aaron,Rivett,16,arivett88@census.gov,tZ8*dvs9_
298,Lucia,Borthe,25,lborthe89@fema.gov,aX6c)(6\P2K
299,Pamella,Anetts,20,panetts8a@who.int,eQ1GZ{D
300,Ronnica,Joberne,17,rjoberne8b@smugmug.com,xI7PFtJ%%
301,Malachi,Gruczka,21,mgruczka8c@businessinsider.com,cP4cmMw+
302,Pansy,Osgarby,25,posgarby8d@walmart.com,vZ9l%7~
303,Hilario,Langland,16,hlangland8e@cnet.com,fE22{{5
304,Enrico,Batchellor,18,ebatchellor8f@patch.com,xH7wLeX
305,Jilli,Gyford,13,jgyford8g@shareasale.com,rI6=\I
306,Zahara,Knoles,14,zknoles8h@fastcompany.com,xZ7BZ7|ZW
307,Davon,Firmage,16,dfirmage8i@cisco.com,"dA67bS""9=."
308,Johnna,Sebyer,13,jsebyer8j@theatlantic.com,kD3?B@
309,Fonzie,Clowley,17,fclowley8k@odnoklassniki.ru,tN0`4U
310,Milka,Brodhead,18,mbrodhead8l@godaddy.com,jF60w|xlXE
311,Harv,Morrid,15,hmorrid8m@xing.com,iJ8}%x
312,Shaw,Ousley,21,sousley8n@gmpg.org,bO3_CNR
313,Julian,Huonic,16,jhuonic8o@ebay.com,rZ9Qr./
314,Nicko,Annand,16,nannand8p@vinaora.com,hW6!E2F\Q
315,Darcey,Dimblebee,14,ddimblebee8q@ox.ac.uk,bR1*zR
316,Stanislaw,Buxey,16,sbuxey8r@edublogs.org,dF5'wF9h9DEp
317,Gilburt,Vercruysse,17,gvercruysse8s@about.me,dQ4a8*Z{
318,Grange,Trayling,23,gtrayling8t@paypal.com,kD1PTz
319,Tildie,Brun,21,tbrun8u@boston.com,bM7W`=$C~
320,Tommy,Kearney,22,tkearney8v@alexa.com,yU87n~B
321,Elene,Rainey,20,erainey8w@prnewswire.com,wI4cI4m
322,Arliene,Coggins,18,acoggins8x@wordpress.com,xQ66=uG
323,Neel,Marcinkowski,18,nmarcinkowski8y@sciencedirect.com,fV4IJN
324,Florencia,Grealey,17,fgrealey8z@usnews.com,dZ71vwAH%~
325,Esme,Gerdes,19,egerdes90@phpbb.com,hL4<>Ahx6<W
326,Cleon,Piaggia,13,cpiaggia91@xing.com,hT5wPTKnG
327,Tann,Lentsch,14,tlentsch92@baidu.com,fT8wM~j
328,Junie,Spradbery,24,jspradbery93@delicious.com,gX8I_jJ9m@
329,Dee,Dearman,17,ddearman94@narod.ru,rG6E5Yy~9>d1
330,Sumner,Tatershall,17,statershall95@nba.com,"jX0KoFAHz""~j"
331,Lena,Limerick,13,llimerick96@ow.ly,"vT7fb|,"
332,Pat,Hartness,20,phartness97@blogs.com,oV449lA|hM%
333,Kizzie,Pepperill,20,kpepperill98@lycos.com,zA4}0nFs
334,Rice,Jelf,21,rjelf99@typepad.com,kQ9RQ6Y(~R
335,Ailyn,Caldroni,24,acaldroni9a@wikimedia.org,yK1#e'SR.pW
336,Martyn,Worledge,21,mworledge9b@rakuten.co.jp,"pA5iKP,P"
337,Maxie,Mettericke,19,mmettericke9c@theguardian.com,aM5#9/k4a>
338,Kiley,Pleuman,16,kpleuman9d@spotify.com,iY2(27Z}fk
339,La verne,Berrill,20,lberrill9e@google.com.au,zC8%Gc2XlCnY
340,Paula,Ovenden,22,povenden9f@sbwire.com,vK4ZDn6mkn(i
341,Caye,Keitch,19,ckeitch9g@wiley.com,"uZ3d""ZW@"
342,Aurthur,Chomley,21,achomley9h@dedecms.com,vB0sLK
343,Hilarius,Yurocjhin,16,hyurocjhin9i@livejournal.com,sI4h_&
344,Clarey,Callway,14,ccallway9j@ucla.edu,cB4d9h
345,Venus,Gairdner,21,vgairdner9k@spiegel.de,iA7%!`0
346,Bethena,Brailsford,22,bbrailsford9l@reference.com,hK7l.)y#
347,Dorthy,Gavrielly,16,dgavrielly9m@stumbleupon.com,"iB0%hQ""vWa00"
348,Brandon,Brannan,13,bbrannan9n@de.vu,"yH0""So|"
349,Ardenia,Efford,17,aefford9o@columbia.edu,vP0&31F
350,Pascal,Caltera,14,pcaltera9p@yahoo.co.jp,pN950e?q
351,Twila,McElvogue,22,tmcelvogue9q@ucoz.ru,iU4QOCJ_'W
352,Chaim,Wolstenholme,13,cwolstenholme9r@businessweek.com,"xH5""kI=0"
353,Gaston,Petriello,16,gpetriello9s@cyberchimps.com,gM7v5Aqr/\T
354,Ulick,Robardet,21,urobardet9t@theglobeandmail.com,"iF34,*k'!|$"
355,Lynnet,Havill,18,lhavill9u@arizona.edu,rM6C3Pgd'I
356,Peder,Esseby,16,pesseby9v@wunderground.com,hV49vvY/3nQ7
357,Valeria,Whitwood,21,vwhitwood9w@fastcompany.com,fA4.)?
358,Cassie,Eglin,18,ceglin9x@princeton.edu,vO3M$9mB
359,Malia,Allbrook,13,mallbrook9y@biglobe.ne.jp,uK1NaSK{3C
360,Conchita,Martinat,19,cmartinat9z@tripadvisor.com,zJ0H07.n
361,Tabbatha,Dale,14,tdalea0@addtoany.com,yH8lea
362,Sander,Kynd,13,skynda1@wix.com,mW5>rnxE
363,Nert,Paxforde,16,npaxfordea2@bravesites.com,hK5S\V
364,Thacher,Verney,17,tverneya3@bbc.co.uk,iO32oh{Ss
365,Ives,Beardow,23,ibeardowa4@skype.com,bZ5U9zZ\x
366,Francine,Dreghorn,16,fdreghorna5@wisc.edu,zC3t#3Fx6&Fb
367,Connor,Ruby,13,crubya6@businessinsider.com,wN26yN/'
368,Chantalle,le Keux,21,clekeuxa7@dmoz.org,hI1f6O
369,Jasmin,Faich,14,jfaicha8@instagram.com,jS3rJm=T}*s
370,Maxie,Coonan,14,mcoonana9@gravatar.com,iO5\{y9k4
371,Carissa,Woolard,17,cwoolardaa@weibo.com,uK2XE)
372,Evie,Dyka,14,edykaab@stanford.edu,nA8Z=!*
373,Philippa,Caldecutt,25,pcaldecuttac@time.com,aI13u*_
374,Joli,Asprey,19,jaspreyad@edublogs.org,tL9R{itA9S{J
375,Devina,Stepney,15,dstepneyae@github.io,qF90we
376,Daniella,Winspeare,15,dwinspeareaf@ox.ac.uk,aT4_\r
377,Winni,Greenard,15,wgreenardag@feedburner.com,rT9HLca
378,Gary,Dashwood,20,gdashwoodah@topsy.com,tQ9dG&
379,Mariejeanne,Durrell,23,mdurrellai@usgs.gov,zN2/thlle*
380,Quintina,Adkin,16,qadkinaj@constantcontact.com,kM6Kd74?
381,Harman,Heistermann,15,hheistermannak@dell.com,"bW656l/n""yY"
382,Melina,Behling,20,mbehlingal@wufoo.com,oO8m_>MPQx
383,Dukey,Lenin,19,dleninam@joomla.org,rM9xuVw9c<~}
384,Aleece,Eamer,18,aeameran@uiuc.edu,oF4s%gL0{~#)
385,Mozes,Loosley,23,mloosleyao@wunderground.com,rD7kE4|Pt2_
386,Iago,Alpine,25,ialpineap@sitemeter.com,vA8s!`
387,Sunny,Highwood,24,shighwoodaq@mlb.com,sL6/x0>4J5
388,Broderick,Vickarman,19,bvickarmanar@alexa.com,cW2BnEw
389,Sean,Mundford,13,smundfordas@etsy.com,sK8\eQ
390,Ezekiel,Hupka,14,ehupkaat@dell.com,dK2IqEo6GIk
391,Clarke,Kidston,13,ckidstonau@phpbb.com,gT43zir
392,Oliy,McArtan,16,omcartanav@fda.gov,cH9'VQ#RM(09
393,Carmon,Garvin,24,cgarvinaw@dot.gov,vU3!4M@3*
394,Suellen,Rubi,17,srubiax@nifty.com,jC7vmZ
395,Frasier,Thams,21,fthamsay@unesco.org,fE9K~OT6oEP0
396,Estrellita,Molyneux,21,emolyneuxaz@jimdo.com,bI6+jH
397,Lauralee,Milliken,24,lmillikenb0@economist.com,uU6aoCU
398,Ole,Cumberledge,15,ocumberledgeb1@time.com,wJ1d()C|`}
399,Deloris,Glencross,16,dglencrossb2@t.co,bL8B~/
400,Sarita,Dreus,15,sdreusb3@skype.com,sU8@/_zp%%+_
401,Raimondo,Dibden,22,rdibdenb4@examiner.com,iN36q(P|?@
402,Hallie,Bycraft,20,hbycraftb5@alibaba.com,"hO4qk,7>"
403,Corrine,Markushkin,15,cmarkushkinb6@unesco.org,rS30YYD
404,Ddene,Lanmeid,13,dlanmeidb7@aol.com,fV4\Y_fv
405,Shaun,Field,17,sfieldb8@fema.gov,iW5Yx_UBX09
406,Danila,Sinderson,25,dsindersonb9@umn.edu,"yC9LO""Q5&"
407,Tallou,Jerg,16,tjergba@berkeley.edu,uF8Gi}#+l
408,Barnie,Tooker,17,btookerbb@eepurl.com,"mN4!*/""4Cz"
409,Flory,Bowld,22,fbowldbc@miitbeian.gov.cn,"pY4&Ib(,{?>G"
410,Emile,Menis,19,emenisbd@behance.net,cP3`YLylz4w>
411,Jacky,Rawsthorne,17,jrawsthornebe@alexa.com,rG2Mfgm`Mc
412,Cthrine,Cabble,14,ccabblebf@google.ca,jL8C2d
413,Dev,Labusch,18,dlabuschbg@pagesperso-orange.fr,iF1d|Vf<xdJ
414,Matilda,Stracey,15,mstraceybh@vistaprint.com,aY9U2u3d
415,Clareta,Scrigmour,23,cscrigmourbi@java.com,aN9tBs0{u
416,Adora,Glanester,21,aglanesterbj@tinyurl.com,eU0e9!$B
417,Joell,Edworthy,19,jedworthybk@infoseek.co.jp,aW5|g/F7
418,Kathlin,Ovid,25,kovidbl@mayoclinic.com,uR7*7q_
419,Granthem,Upjohn,25,gupjohnbm@gmpg.org,eK7a2T
420,Hank,Lumpkin,15,hlumpkinbn@shutterfly.com,bD5$05d+R
421,Althea,Tildesley,19,atildesleybo@dailymotion.com,jJ5{$H
422,Ripley,Logue,15,rloguebp@quantcast.com,pU1jGD
423,Finn,Chapier,24,fchapierbq@ehow.com,tA8d}en{|7J
424,Elfrieda,Rive,20,erivebr@issuu.com,wW9Sd3=jP
425,Drusi,McCourtie,25,dmccourtiebs@dot.gov,"mY8`A({H,X0"
426,Fons,Djurisic,16,fdjurisicbt@wikipedia.org,iQ6GQ}F=hA
427,Phylys,Pecha,17,ppechabu@123-reg.co.uk,zY3<~=
428,Appolonia,Gerrens,21,agerrensbv@abc.net.au,jC9Dp=9q
429,Marianne,Gollin,14,mgollinbw@is.gd,hT99aj0IS
430,Trevor,Pendlington,16,tpendlingtonbx@themeforest.net,mW8YIlku
431,Sarita,Bamforth,23,sbamforthby@shop-pro.jp,bN2lN@iBs@T
432,Marta,Cullnean,14,mcullneanbz@google.cn,nX2#>)xml
433,Ev,Galea,18,egaleac0@imdb.com,eT0W/#`v
434,Netta,Blyth,19,nblythc1@columbia.edu,iB0%N(In
435,Gilburt,Oxborrow,13,goxborrowc2@unesco.org,gN7Yf+E0E1
436,Teodorico,Dessent,20,tdessentc3@oaic.gov.au,dY3XiQ
437,Christian,Obey,15,cobeyc4@twitpic.com,zL5R{N
438,Kevon,Athersmith,17,kathersmithc5@tumblr.com,iC1rd0T
439,Yetty,Airton,22,yairtonc6@army.mil,"yC5qrD6R$,"
440,Gamaliel,Ruspine,24,gruspinec7@tmall.com,"uX3`,%"
441,Jaquelyn,Propper,19,jpropperc8@skyrock.com,oM0YwzD&Y2uu
442,Joni,Tolworth,21,jtolworthc9@mediafire.com,dU4wfb=}bYwL
443,Xymenes,Marti,23,xmartica@vk.com,sV9uN|VJ
444,Lydia,Gianullo,21,lgianullocb@nih.gov,yD5GGf`{+
445,Benny,Dust,14,bdustcc@amazon.de,tH7`3ZD
446,Lorrayne,Josephsen,19,ljosephsencd@army.mil,rM1gCaPS$)#T
447,Gordon,Bullan,18,gbullance@pagesperso-orange.fr,uH3=lOdD?5
448,Sergent,Drinkhill,14,sdrinkhillcf@mail.ru,bM7>t?UH2`
449,Wylma,Jeanneau,16,wjeanneaucg@amazon.de,aB6gtY1@b8iD
450,Penelope,Blenkensop,21,pblenkensopch@zimbio.com,gK0R?4
451,Rosamund,Beamond,22,rbeamondci@nifty.com,lI3V@6
452,Lucine,Sisland,23,lsislandcj@technorati.com,yX2B}Akm`ezw
453,Emelyne,Menaul,24,emenaulck@foxnews.com,qK3rE2>
454,Vinny,Gummer,16,vgummercl@msu.edu,xL5lAt9
455,Zulema,Bowdler,19,zbowdlercm@bing.com,aW3Vk8}!@
456,Nananne,Leas,18,nleascn@accuweather.com,wP26PV2HJU*
457,Feodor,Stanhope,25,fstanhopeco@forbes.com,dE6NK/%z+9!!
458,Kim,Lehrmann,17,klehrmanncp@hatena.ne.jp,sT6`GC$
459,Antonie,Stallwood,23,astallwoodcq@ycombinator.com,oN3kNE
460,Sinclair,Himsworth,14,shimsworthcr@boston.com,pO2T{17
461,Giovanni,Cosgrave,14,gcosgravecs@xing.com,eE2cIbVAMw{%
462,Wolf,Tirrey,14,wtirreyct@pen.io,rZ4h\o+Ffqs
463,Reinold,Mushet,23,rmushetcu@squarespace.com,vJ4D'rX.#c4h
464,Aleta,Ranking,23,arankingcv@nytimes.com,iS3cxV=
465,Emmet,Lepope,17,elepopecw@china.com.cn,vQ0mPQPZB!VP
466,Darda,MacPhaden,21,dmacphadencx@nationalgeographic.com,kK3V)uO/
467,Gloriane,Kenner,15,gkennercy@yandex.ru,dK9EKMO5b%=l
468,Lelia,Collacombe,15,lcollacombecz@google.com,jX6lCE@
469,Delmore,Koschke,19,dkoschked0@is.gd,zS6jfedd
470,Reuben,Defont,17,rdefontd1@dailymail.co.uk,xZ0nKHe0Xs
471,Anastassia,Berkley,19,aberkleyd2@go.com,kU82d`I`
472,Tamera,Delooze,24,tdeloozed3@yelp.com,iE3.\.@
473,Obed,Melsom,14,omelsomd4@lulu.com,cB1&svC
474,Flint,Collis,13,fcollisd5@sun.com,tM85(Dg
475,Jacqui,Sorbey,19,jsorbeyd6@cyberchimps.com,sU9fk=j.HSV
476,Gil,Mawditt,24,gmawdittd7@intel.com,sQ3BFJ|cJ$2
477,Aksel,Poleykett,23,apoleykettd8@oakley.com,wY78o2$`x.
478,Aila,Nanelli,22,ananellid9@sourceforge.net,rD7e@&Fl&kR1
479,Alfi,Suston,16,asustonda@yellowbook.com,uO5fba3uP
480,Masha,Drayson,14,mdraysondb@google.com.br,sJ2')IWaR
481,Paton,Cowdray,22,pcowdraydc@livejournal.com,zZ0wWAP
482,Ailina,Dahl,20,adahldd@printfriendly.com,oR3$a/)B{zj0
483,Ambur,O'Flaverty,22,aoflavertyde@ft.com,gF6`Zoo
484,Cordy,De Anesy,16,cdeanesydf@slate.com,nS3C$hodb+=
485,Phil,Nolder,21,pnolderdg@bbb.org,"tH7*X""y"
486,Pepita,Winpenny,20,pwinpennydh@prnewswire.com,"aP2""mx"
487,Marji,Massinger,22,mmassingerdi@lulu.com,zE2+Z1WZJMTR
488,Alicea,Woodfine,14,awoodfinedj@usgs.gov,tC6f{q!U
489,Terese,Belamy,24,tbelamydk@tuttocitta.it,uR6Rt3`Z!
490,Georgianne,Este,16,gestedl@deviantart.com,kI3!nMP
491,Harbert,Kiddy,14,hkiddydm@de.vu,cO15HYY2+kv
492,Marylin,Gatward,21,mgatwarddn@edublogs.org,qA0)a@
493,Anestassia,Tesh,23,ateshdo@studiopress.com,vJ44>mwV
494,Cherianne,Mathew,21,cmathewdp@miitbeian.gov.cn,nL5dl(*u6
495,Max,Blowes,21,mblowesdq@google.ru,qP9Wu1Je8Q)k
496,Daria,Gant,25,dgantdr@foxnews.com,fT9pAx
497,Josephina,Duprey,18,jdupreyds@oaic.gov.au,aK1<*tJn
498,Tallulah,Rhodes,23,trhodesdt@msu.edu,tU26Yio
499,Jorrie,Poulson,17,jpoulsondu@ucoz.ru,wU3zOb6s
500,Gaelan,Shane,25,gshanedv@skype.com,gO3H>ujD
501,Nial,Overal,22,noveraldw@indiatimes.com,oZ40$71+L
502,Gearalt,Paulot,19,gpaulotdx@npr.org,qX1}?D!
503,Shirlene,Ambresin,17,sambresindy@google.cn,dW6/so8zBtG
504,Blanch,Johnston,19,bjohnstondz@webmd.com,"eT0|R,k"
505,Arvie,Mack,24,amacke0@nhs.uk,bG3@gg
506,Domenic,Itschakov,22,ditschakove1@1und1.de,gT6@wO@3TQ%u
507,Carney,Briscam,20,cbriscame2@prnewswire.com,sI2ORMc
508,Fred,Piola,16,fpiolae3@skyrock.com,yO44hRd3#i
509,Gilberte,Geaney,22,ggeaneye4@abc.net.au,iS43P5i\#
510,Emogene,Bicheno,19,ebichenoe5@nifty.com,gY9QRWC`
511,Lynsey,How to preserve,21,lhowtopreservee6@sfgate.com,zA2VH6
512,Bradly,Swainger,21,bswaingere7@technorati.com,aK4ugE</
513,Elie,Duthie,21,eduthiee8@stumbleupon.com,bY0d`qNr2V)B
514,Sydney,Rilston,21,srilstone9@prnewswire.com,"oD8,S=Mm,J"
515,Ashbey,Prestland,13,aprestlandea@surveymonkey.com,wG4MPz<oy<r
516,Tammie,Havile,17,thavileeb@wp.com,jQ8d.E1
517,Minerva,Mathiassen,17,mmathiassenec@opera.com,cI2q`7kG_~
518,Niven,Hefferon,16,nhefferoned@goo.ne.jp,hZ6G~mxTBw(i
519,Arabella,Moffett,13,amoffettee@nhs.uk,hX0si(Kr)
520,Cinnamon,Mastrantone,17,cmastrantoneef@stumbleupon.com,"iG3d{EjI""d1f"
521,Darda,Beagles,19,dbeagleseg@cmu.edu,jB4}5oI4
522,Lelia,Gabbitus,23,lgabbituseh@opensource.org,iR8X5x!L
523,Papageno,Craine,15,pcraineei@yellowbook.com,eN1loQXd4ues
524,Ekaterina,Jencken,14,ejenckenej@usgs.gov,rW3.2?&EEK|#
525,Joana,Whalebelly,16,jwhalebellyek@domainmarket.com,aW55NdD`kMW
526,Alphonso,Tween,23,atweenel@instagram.com,zX7oRfk
527,Towney,Osgarby,14,tosgarbyem@vistaprint.com,eP2z@Q=oRb)
528,Dav,Sweed,18,dsweeden@tiny.cc,sW7iz\u+k
529,Cullan,Pesic,19,cpesiceo@wikispaces.com,"xH6lu7DM{""4+"
530,Kevin,Godbert,23,kgodbertep@google.ca,mQ6~@}`#1n
531,Sibyl,Hartlebury,18,shartleburyeq@wikimedia.org,fD6L#s_b=zr
532,Dido,Klimpke,24,dklimpkeer@flavors.me,lO0b}`)HxAy4
533,Farah,Dorset,22,fdorsetes@yahoo.co.jp,wK7T4W
534,Trevor,Senyard,15,tsenyardet@ow.ly,dG9ksRT
535,Angel,McKerley,23,amckerleyeu@mapy.cz,mY7$.w!
536,Ruthe,Arter,25,rarterev@newyorker.com,eG72ZY
537,Monti,Fabbro,13,mfabbroew@indiatimes.com,eM83e`*rL#yA
538,Sandra,Duhig,19,sduhigex@japanpost.jp,dF6SqRFz~
539,Lurleen,Buzine,20,lbuzineey@discovery.com,hF96V'D
540,Fraze,Cantos,22,fcantosez@blogspot.com,vF0Vp$
541,Gabi,Matchitt,14,gmatchittf0@reddit.com,dE5+`(
542,Vikky,Muzzi,14,vmuzzif1@sakura.ne.jp,xS4ShWhTN
543,Matthieu,Valentim,21,mvalentimf2@scribd.com,mE7vCBIb
544,Tracie,Bavister,23,tbavisterf3@chron.com,cR2'KG0H
545,Atlanta,Lanceley,16,alanceleyf4@hatena.ne.jp,rT0aITOh7
546,Hilarius,Siney,22,hsineyf5@homestead.com,"hJ3""_H6C}%T"
547,Hale,Sandham,19,hsandhamf6@nifty.com,rD1Llnoi
548,Karlene,Lovart,18,klovartf7@rediff.com,"dP8+|D,XKfv'"
549,Brigg,Stickel,24,bstickelf8@cdbaby.com,zP0n1i$79z
550,Mathe,Jurewicz,13,mjurewiczf9@de.vu,gR8Fm83ZH?
551,Ibbie,Himsworth,13,ihimsworthfa@zdnet.com,bE4B{=gj1hU
552,Jane,Neve,21,jnevefb@furl.net,jB0XU6
553,Loralyn,Simeon,16,lsimeonfc@disqus.com,lG3CID/F>k
554,Ashil,Marjanski,22,amarjanskifd@scientificamerican.com,gG2qM}g
555,Zorine,McGreay,14,zmcgreayfe@deliciousdays.com,jP4J9)=H&
556,Roana,Dowbiggin,23,rdowbigginff@simplemachines.org,"mL5J,e"
557,Bari,Wessing,21,bwessingfg@reddit.com,lU17UToefzM
558,Tiffanie,Canedo,13,tcanedofh@scribd.com,"rQ7""!bqczoi"
559,Lew,Gue,18,lguefi@google.it,tE258SXj0u
560,Lucian,Harbage,25,lharbagefj@wikispaces.com,sL1qM{7fq5D3
561,Karl,Beauman,24,kbeaumanfk@nhs.uk,"eG4c0I,z"
562,Yevette,Sawforde,20,ysawfordefl@delicious.com,nE1W_6Oc|EAM
563,Leese,Edgson,13,ledgsonfm@home.pl,xD9QXVojtF>'
564,Douglass,Raper,23,draperfn@amazon.co.jp,"uB4lkzA(E#,"
565,Sydney,Bowling,14,sbowlingfo@seattletimes.com,lK1Ed.4xdfG
566,Jillene,Peperell,16,jpeperellfp@opensource.org,"eZ8ag*,T$g'*"
567,Myranda,Vampouille,16,mvampouillefq@state.gov,lI5b7+X~xbE`
568,Joyce,Grayne,20,jgraynefr@cam.ac.uk,xB1}J3tW)x9o
569,Idell,Kellington,21,ikellingtonfs@umn.edu,"gJ2A>,5"
570,Kaylil,Chmarny,23,kchmarnyft@elpais.com,zM3ZPL
571,Regine,Domaschke,20,rdomaschkefu@flavors.me,jC1{(iGdH
572,Julianne,Manoch,14,jmanochfv@jigsy.com,zL2G+GJ
573,Gustaf,Coghlin,22,gcoghlinfw@sitemeter.com,zW6J3Kl
574,Magdalen,Hew,18,mhewfx@amazon.co.uk,oF6qSqa
575,Kenna,Nendick,23,knendickfy@umich.edu,lZ1J>m5
576,Maxim,Harland,15,mharlandfz@bloomberg.com,xW7WAd#vq=W1
577,Dosi,Wewell,16,dwewellg0@diigo.com,rR1kwAXux'*
578,Clarey,Grassick,13,cgrassickg1@weather.com,iJ6KXl&qO3@g
579,Coralyn,Jowett,15,cjowettg2@dailymail.co.uk,kM3TkC
580,Gallard,Piatti,19,gpiattig3@squarespace.com,zJ2.8LErv
581,Bride,Tankard,17,btankardg4@issuu.com,vA1nLU#DeJ
582,Madelaine,Heppenspall,18,mheppenspallg5@indiegogo.com,"uH4W,q"
583,Pavlov,Gummoe,25,pgummoeg6@bigcartel.com,aM8&5>dC1
584,Savina,Albin,16,salbing7@foxnews.com,fF7>HR|Q=eo
585,Elita,Lipprose,13,elipproseg8@ucoz.com,hO1K1c<UJ!Qa
586,Kennie,Faichnie,14,kfaichnieg9@jalbum.net,nE10~+omtGT
587,Bonnibelle,Hattoe,25,bhattoega@youtube.com,yD9pe#ur
588,Alonso,Domerque,23,adomerquegb@mozilla.com,yG7)xS(AgQ
589,Evelina,MacIlraith,14,emacilraithgc@skype.com,bL8#ox
590,Tally,Calwell,23,tcalwellgd@surveymonkey.com,nO4)GW\
591,Twila,Pammenter,19,tpammenterge@smh.com.au,jK8i0Wb
592,Darill,Kleinplac,17,dkleinplacgf@fastcompany.com,uK3lZ#W
593,Ethelind,Wankel,13,ewankelgg@imgur.com,vU2y\l1H
594,Lewes,Talby,19,ltalbygh@chicagotribune.com,yO4Ej|5=F#
595,Germaine,Stokoe,17,gstokoegi@dropbox.com,wE4fyI9uF!2
596,Nickola,Carwithan,24,ncarwithangj@harvard.edu,iE7aCk/
597,Dewitt,Josilowski,17,djosilowskigk@irs.gov,yD1T77
598,Brynn,Cabera,19,bcaberagl@hao123.com,iX8_mvF
599,Jamal,Duncanson,19,jduncansongm@nhs.uk,wU8Kj4x&
600,Orbadiah,Southan,20,osouthangn@ocn.ne.jp,sJ9+*IVNc8
601,Emalia,Fermoy,17,efermoygo@engadget.com,wK0qtv`.
602,Bendick,Flanagan,18,bflanagangp@rakuten.co.jp,xT0UEJ*7dJ&H
603,Gabie,Mussolini,16,gmussolinigq@accuweather.com,"aD1Ls""IF3"
604,Augustine,Korf,14,akorfgr@telegraph.co.uk,mI8(+{
605,Otes,Slessar,18,oslessargs@google.com.br,pA1U<x1L
606,Jonas,Nesterov,22,jnesterovgt@va.gov,"hQ5""CJ"
607,Lemuel,Beveridge,18,lbeveridgegu@wsj.com,dY7+<L/ZQn|
608,Stu,Bromfield,25,sbromfieldgv@dion.ne.jp,fL3TMRU
609,Redford,Ephson,21,rephsongw@businesswire.com,aI5kpdWD_#Zd
610,Dominique,Mcettrick,20,dmcettrickgx@elpais.com,xN6(Gm<Y*t
611,Reginauld,Foltin,25,rfoltingy@ft.com,zH4/g~Q
612,Richart,Falkinder,24,rfalkindergz@reddit.com,mC8VZ_C
613,Jorey,Gauch,22,jgauchh0@godaddy.com,zO98B(dGOA|
614,Xaviera,Delph,21,xdelphh1@arstechnica.com,jD9%kzy@
615,Ame,Saw,23,asawh2@hc360.com,tE02k3
616,Sterne,Stutte,14,sstutteh3@people.com.cn,rU4E)<`gn
617,Hollyanne,Zelland,14,hzellandh4@economist.com,"uE1Y,U!x1g*"
618,Averell,Siggs,14,asiggsh5@blogtalkradio.com,iS9+@&%
619,Maire,Daviddi,15,mdaviddih6@sohu.com,eA0`aX={nrR
620,Vonny,Chapling,23,vchaplingh7@go.com,"yI6Ul""Z%Mt~6"
621,Almira,Peyro,22,apeyroh8@springer.com,wJ4%BlDCBdn
622,Tabatha,Hamp,21,thamph9@ftc.gov,kQ0u7<L@=N2
623,Sargent,Brotherhed,18,sbrotherhedha@wired.com,rZ8/\iPbz!\
624,Charisse,Mouget,13,cmougethb@is.gd,dC14JsQ!@xPX
625,Tybi,Channing,22,tchanninghc@msn.com,mX6QrB
626,Novelia,McCarrison,24,nmccarrisonhd@amazon.co.jp,yJ7@%i2?h
627,Regan,Eberst,16,rebersthe@hibu.com,"kE6""2|x"
628,Bartram,Bartoloma,25,bbartolomahf@umich.edu,jQ0QEhU@
629,Karylin,McCarle,16,kmccarlehg@about.me,vC7dX$e
630,Lillis,Petticrew,24,lpetticrewhh@studiopress.com,wQ8J5h8\rL
631,Sherrie,Timmens,19,stimmenshi@zdnet.com,uN7!L{oAZL.B
632,Becky,Aristide,17,baristidehj@phoca.cz,iO3EcbF
633,Von,Hartford,14,vhartfordhk@blinklist.com,pR8pf`?Q*aNb
634,Marieann,Tiffany,14,mtiffanyhl@buzzfeed.com,vI9$'TJ%N@2
635,Michail,De Vaux,23,mdevauxhm@freewebs.com,"vQ4i""%&T,"
636,Brantley,Skittrell,14,bskittrellhn@cpanel.net,dA6s=su
637,Killie,Hayller,23,khayllerho@bigcartel.com,nG2bv$Q@T.L
638,Vivyanne,Simonyi,24,vsimonyihp@sohu.com,aV2|+QVS
639,Nolan,Whittam,21,nwhittamhq@bloglovin.com,"pC1U/GS,tz"
640,Uri,Tomasz,22,utomaszhr@cbslocal.com,qO0r7U'`
641,Carlene,Sweetenham,25,csweetenhamhs@comcast.net,hL8o>!
642,Gracie,Gutteridge,24,ggutteridgeht@about.me,"rH685U<z,"
643,Noemi,Lewcock,21,nlewcockhu@ihg.com,bU3A{@dK5'
644,Ingrim,Dowrey,20,idowreyhv@state.gov,"rW9x$R.""R+YW"
645,Giselbert,Lambe,15,glambehw@examiner.com,dA5s91X
646,Buddie,Rosellini,23,brosellinihx@parallels.com,qE9(B(L4h?
647,Elnar,Syncke,25,esynckehy@google.ca,tV9xG*r9(L'
648,Mord,Thoma,22,mthomahz@angelfire.com,sS5gz`\nt
649,Octavius,Jaques,16,ojaquesi0@skyrock.com,dF2$VP)jC
650,Baxy,MacKniely,17,bmacknielyi1@shinystat.com,"nB3,1unX#&"
651,Selia,Reubens,25,sreubensi2@ycombinator.com,"tT77h,p4L7'C"
652,Edwin,Peppett,22,epeppetti3@imageshack.us,gZ4$~lf$x
653,Marven,Wilstead,20,mwilsteadi4@cbslocal.com,tJ3H4QiF$n
654,Giorgi,Cejka,25,gcejkai5@auda.org.au,hG5bH3V.
655,Marley,Vowles,23,mvowlesi6@prlog.org,aN0@ai
656,Jessamine,Gillian,22,jgilliani7@forbes.com,tP3)=+Nr9
657,Grove,Collymore,13,gcollymorei8@answers.com,qH5oTj>*{
658,Dody,Dober,20,ddoberi9@answers.com,gU2$3sO{Q@bQ
659,Chickie,Moakes,19,cmoakesia@cargocollective.com,xG0aDjf&
660,Frieda,Hissie,14,fhissieib@google.de,cL5QzExR/{=
661,Rolland,Swalteridge,19,rswalteridgeic@ftc.gov,uC6g/H}\
662,Peterus,Heighton,23,pheightonid@tripod.com,"hZ0,}!$(X!"
663,Donalt,Mation,15,dmationie@bizjournals.com,yC3t)4
664,Edgar,Hunnywell,15,ehunnywellif@cbc.ca,bW0x3q8
665,Emelen,Audry,21,eaudryig@cbc.ca,zD6CRGPUtQvN
666,Kippie,Lambotin,15,klambotinih@illinois.edu,cU3_N\vN
667,Rachelle,Firle,13,rfirleii@liveinternet.ru,wF5=p!))32N>
668,Cherin,Lorraine,19,clorraineij@parallels.com,sC6mT7#
669,Avivah,Tidman,23,atidmanik@fastcompany.com,dR0b{}lYj
670,Clemmy,Kabos,20,ckabosil@nps.gov,sV1@PB42v?
671,Korry,McGaughey,20,kmcgaugheyim@soundcloud.com,qN3u0scvQc
672,Feodora,Soffe,14,fsoffein@netvibes.com,lW6xu05\l
673,Trueman,Cawthera,18,tcawtheraio@irs.gov,eW2%G$q)
674,Sibley,Meran,19,smeranip@yellowpages.com,fA6E#)5sL
675,Gertruda,McDuffy,16,gmcduffyiq@163.com,zL7z(F{P
676,Madlin,De Micoli,14,mdemicoliir@google.es,"uL8u,>P\"
677,Chase,Feldmus,23,cfeldmusis@uiuc.edu,cP5ZF4SvIu
678,Tabbitha,McCarron,19,tmccarronit@cafepress.com,dF9B\_p
679,Aleta,Defau,16,adefauiu@washington.edu,aO8PF4tZK
680,Kayla,Hencke,23,khenckeiv@cargocollective.com,mH57rw
681,Fabian,Pavluk,14,fpavlukiw@photobucket.com,dW2o`ry'
682,Allys,Rey,20,areyix@aol.com,cB8u{RTRu.%z
683,Genna,Burston,21,gburstoniy@apple.com,qL3=q)|f{VL
684,Sallee,Levay,24,slevayiz@samsung.com,hA2{MSN3~JP
685,Martynne,Jaques,21,mjaquesj0@hc360.com,oB5+N6SCOGYR
686,Mathew,Broadhead,20,mbroadheadj1@answers.com,dJ8a+30>HyY
687,Midge,McAuslan,23,mmcauslanj2@google.nl,rZ8'MoSs*3
688,Melesa,Worthy,20,mworthyj3@wikimedia.org,bR03#xmwyK'
689,Ignatius,Gadeaux,15,igadeauxj4@engadget.com,nL6s304ib1=
690,Adrianne,Inkster,16,ainksterj5@nyu.edu,fB7O&'bHYs
691,Charmane,Chrichton,18,cchrichtonj6@microsoft.com,eC4o<\
692,Scot,Fairholm,22,sfairholmj7@newsvine.com,zV3XON{
693,Phyllis,Hyndson,24,phyndsonj8@mtv.com,lD2gA>j
694,Saba,Mourant,13,smourantj9@ezinearticles.com,cX90KmGl`0
695,Katharyn,Broggelli,16,kbroggellija@opensource.org,"mG4#HmY""y"
696,Fons,Choake,24,fchoakejb@apple.com,oD56Z\6
697,Riannon,Yearnes,14,ryearnesjc@go.com,xH0A*g
698,Carling,Norcock,17,cnorcockjd@clickbank.net,bW3gT~
699,Vidovik,Venditti,16,vvendittije@oaic.gov.au,bV2gNzVc7|
700,Bernarr,Finlow,14,bfinlowjf@istockphoto.com,gB4CnCW&r.U
701,Anica,Fazan,25,afazanjg@google.com.au,nN0D|8
702,Catina,Corbridge,22,ccorbridgejh@ucoz.ru,zN8l=={1KPn|
703,Koenraad,Ashburne,24,kashburneji@sun.com,mW8QV!fkGU
704,Jens,Khrishtafovich,16,jkhrishtafovichjj@reddit.com,zL9mJ+WyYoE
705,Florence,Condict,21,fcondictjk@bigcartel.com,xL9)q!P*d8
706,Adina,Beaconsall,16,abeaconsalljl@bing.com,"yX5',@"
707,Haskel,Nettleship,19,hnettleshipjm@fastcompany.com,oE8_?wM8q
708,Galvan,Vears,15,gvearsjn@wp.com,rZ9a4@q}2
709,Eada,Swoffer,21,eswofferjo@mlb.com,cT6LP{\
710,Cathrin,Baulk,18,cbaulkjp@hc360.com,xQ2+3)i
711,Mack,Windress,23,mwindressjq@tmall.com,lX5FeM`f@o
712,Lars,Haukey,19,lhaukeyjr@aboutads.info,dY2jT}i+(uSe
713,Kali,Castellone,16,kcastellonejs@barnesandnoble.com,jK4ITocpn
714,Harmonie,Hallifax,15,hhallifaxjt@angelfire.com,yB7@cVh}3
715,Julius,Sinney,17,jsinneyju@netlog.com,"qL68""&F/~&t("
716,Abbot,Havard,23,ahavardjv@flavors.me,qJ58'ivye)
717,Theresa,Clayden,24,tclaydenjw@ezinearticles.com,"fL4""7a7'l""'#"
718,Mendie,Goadby,13,mgoadbyjx@dailymotion.com,jU6$<}yo6xQB
719,Leilah,Pilger,24,lpilgerjy@soundcloud.com,yV8Ek.xL
720,Othelia,Skerritt,14,oskerrittjz@craigslist.org,dN2_mfi\
721,Nikki,Gniewosz,22,ngniewoszk0@statcounter.com,mI0C+OS
722,Germaine,Ickovici,17,gickovicik1@reference.com,pP5e_)
723,Theresina,Este,21,testek2@si.edu,lQ6&/h1J
724,Jennine,Greensted,17,jgreenstedk3@imgur.com,dW03.47HV
725,Cindelyn,Edelheid,20,cedelheidk4@chicagotribune.com,uT2DA6}D
726,Abby,Lassen,23,alassenk5@unicef.org,vQ2K<~d
727,Elizabet,Watterson,20,ewattersonk6@netlog.com,vU8?IF!@R9V
728,Padget,Grunnill,15,pgrunnillk7@bloglines.com,aE1ikS3I
729,Andie,Padillo,17,apadillok8@adobe.com,tJ6Jc_~
730,Kendricks,McQueen,13,kmcqueenk9@techcrunch.com,mJ8G}X!ow/_o
731,Patrick,Eastam,23,peastamka@cam.ac.uk,zZ4n|7hg}Aw
732,Aloysius,Bagg,23,abaggkb@pbs.org,mT01!WTfPPf
733,Abdel,Sabie,21,asabiekc@ustream.tv,qJ0KLHLf$'w$
734,Sallyann,Bale,25,sbalekd@vistaprint.com,xR9p}n_a$HA
735,Scot,Pawelec,20,spawelecke@tuttocitta.it,yO6rl~5V~X
736,Abran,Mullard,17,amullardkf@liveinternet.ru,yX6kyV7V~
737,Lise,Duplan,21,lduplankg@independent.co.uk,"nR7=TO5vT>""/"
738,Randall,Curley,21,rcurleykh@sina.com.cn,tR9x9dU
739,Randolph,Chadderton,23,rchaddertonki@joomla.org,xP1nAK@8D2((
740,Humbert,MacFayden,22,hmacfaydenkj@miibeian.gov.cn,lW3Az=4Bxi/?
741,Oralle,Bussen,20,obussenkk@forbes.com,eT4@&dNqf8
742,Vonnie,O'Bradden,21,vobraddenkl@ebay.co.uk,dV27uC|lQYC
743,Luciano,Valek,23,lvalekkm@jigsy.com,eE9!R`z.
744,Emmott,Oleszcuk,20,eoleszcukkn@businessweek.com,iI2#Eo
745,Nolly,Wadlow,14,nwadlowko@xing.com,hS06PpQS1X
746,Hastings,Hancock,13,hhancockkp@cnet.com,uN8y*_
747,Lou,Dadson,14,ldadsonkq@booking.com,tM7zw`s
748,Siouxie,Dewdney,25,sdewdneykr@uiuc.edu,cK3z#}Do65
749,Maynord,McCrone,25,mmccroneks@nbcnews.com,iX0!j(
750,Heddi,Hubbert,14,hhubbertkt@virginia.edu,wO2'Ss%@w
751,Korella,Goffe,16,kgoffeku@wordpress.org,lS6AVZM4
752,Lorens,Lung,17,llungkv@admin.ch,oS7_wKrK
753,Cristine,Hawthorne,17,chawthornekw@washingtonpost.com,oN3X?.
754,Samaria,Burke,15,sburkekx@abc.net.au,"rJ8""C<8bGxU1"
755,Hermione,Mateescu,22,hmateescuky@irs.gov,"uX3""R'"
756,Mead,McAnellye,17,mmcanellyekz@howstuffworks.com,iK18p.(@T#Pe
757,Theresina,Coniff,14,tconiffl0@hugedomains.com,sO877.uh
758,Kial,Dewing,19,kdewingl1@domainmarket.com,sT7#P+_1PX3
759,Saleem,Spritt,18,ssprittl2@dedecms.com,iH8}3`xn
760,Zondra,Sharrock,15,zsharrockl3@themeforest.net,zH1K$~
761,Germain,Loweth,13,glowethl4@skyrock.com,nB5'*q
762,Poppy,Learned,23,plearnedl5@cbslocal.com,xO9!hRYfnG'
763,Doris,Bestall,16,dbestalll6@tumblr.com,cE8e7%|`5{
764,Clem,Gutridge,17,cgutridgel7@digg.com,jQ1B3SE?%=x
765,Sunny,Manske,23,smanskel8@illinois.edu,qH4m8z
766,Issi,Peinke,17,ipeinkel9@wikia.com,"iS4f""1`m<V&"
767,Kaile,McAmish,19,kmcamishla@purevolume.com,fC8&O2&B
768,Dame,Casey,16,dcaseylb@mit.edu,eY3veDH1u
769,Crissy,Ledbetter,20,cledbetterlc@lycos.com,sH9`DboKN=`
770,Davidde,Bellas,17,dbellasld@elegantthemes.com,dI1hicwc
771,Der,Schermick,24,dschermickle@nba.com,kD2p_$ox
772,Jonell,Burberry,15,jburberrylf@slate.com,cW4fINKrCjl
773,Teador,Devas,23,tdevaslg@shutterfly.com,yJ1(FZbF2*
774,Durant,Moorrud,21,dmoorrudlh@nytimes.com,wN1&c_
775,Maxie,McAreavey,14,mmcareaveyli@instagram.com,dX9WCV?(@
776,Regan,Triebner,22,rtriebnerlj@newyorker.com,yN46Di/
777,Micheil,Venners,21,mvennerslk@house.gov,"fN0M""#"
778,Rozanna,Lomb,21,rlombll@yellowbook.com,hK9ShTd@8m
779,Graeme,Yarn,23,gyarnlm@phpbb.com,jJ0aC<a
780,Benson,Causnett,20,bcausnettln@oracle.com,gA9m_tbGdQR
781,Arliene,Tinham,13,atinhamlo@free.fr,xS2iUS
782,Gerrie,Piatkowski,16,gpiatkowskilp@cyberchimps.com,yD6Hq*vR
783,Hanan,Castaignet,17,hcastaignetlq@ycombinator.com,"dA5L""wo2"
784,Dulciana,Elstone,15,delstonelr@dell.com,aZ8i)cCL'}sb
785,Philippa,Atte-Stone,25,pattestonels@reference.com,xE2c5T\
786,Efrem,Leser,19,eleserlt@hostgator.com,jS6LZI6YT
787,Shane,Filkin,17,sfilkinlu@engadget.com,sU9t@0|=O
788,Alric,Boule,13,aboulelv@elpais.com,iL04?en/@h\\
789,Jandy,Turl,16,jturllw@rakuten.co.jp,fK0FF)C}D)
790,Federica,Wasiela,17,fwasielalx@theglobeandmail.com,kE2}4*{$#
791,Camille,Laurenceau,18,claurenceauly@va.gov,jL0)3XCuB
792,Konstance,Smees,15,ksmeeslz@paypal.com,cF3vrg_U
793,Wynn,MacGiffin,17,wmacgiffinm0@macromedia.com,fQ07JII7(+
794,Deeyn,Pakes,19,dpakesm1@webmd.com,tS3OSDh)!Y
795,Giacinta,Parffrey,25,gparffreym2@psu.edu,qO4oRvDJ
796,Bruce,Wickman,16,bwickmanm3@linkedin.com,yR8yp)M=Be
797,De,Leggin,18,dlegginm4@fema.gov,cG3F=gnT2a
798,Merry,Papa,14,mpapam5@parallels.com,jA5`TD
799,Kassie,McEnery,14,kmcenerym6@weibo.com,mS3aT`DIFLj
800,Clementina,Corley,20,ccorleym7@wikipedia.org,dK6>lnVTz'Z
801,Ly,Landsbury,24,llandsburym8@techcrunch.com,xM7*(c((Ce
802,Jessalyn,Alessandrelli,21,jalessandrellim9@last.fm,yE7Yc.('BkVE
803,Ida,Touhig,23,itouhigma@huffingtonpost.com,wW2Pii1>0
804,Seamus,Allman,18,sallmanmb@networkadvertising.org,pW7GUe
805,Maury,Falconer,25,mfalconermc@blogs.com,eS7AR@+>`Xp
806,Carly,Couve,21,ccouvemd@bizjournals.com,tA7.Q/Ke/y7_
807,Mil,Ockenden,17,mockendenme@weebly.com,yP1S\a&o3
808,Alli,Davidoff,15,adavidoffmf@lulu.com,mV8#|f~9
809,Carolann,Loverock,21,cloverockmg@gnu.org,nM3.Lbqx'
810,Marylou,Maggorini,19,mmaggorinimh@japanpost.jp,fF4Pq3*(
811,Stavros,Krystek,18,skrystekmi@mayoclinic.com,hG9X.XGHh
812,Livvyy,Gibbie,21,lgibbiemj@ihg.com,vD3m+8
813,Sidonia,Gilpillan,25,sgilpillanmk@samsung.com,rY9EhWYO
814,Renard,Laker,23,rlakerml@census.gov,lV1~i@qsQu6q
815,Lottie,Warlton,19,lwarltonmm@businessinsider.com,fW62ZiJQy
816,Bamby,Dikle,19,bdiklemn@soup.io,gM1@p!L
817,Shepard,Rump,17,srumpmo@wsj.com,hX24jgtq's
818,Adamo,Reidie,24,areidiemp@scientificamerican.com,oP0RtVs
819,Redd,Jacobowitz,14,rjacobowitzmq@drupal.org,iI3egJ7jS_<4
820,Nolie,Etchells,22,netchellsmr@dell.com,sT52AVuNERf
821,Johnna,Joannet,24,jjoannetms@msu.edu,pP747AJ*
822,Alec,Fashion,21,afashionmt@usnews.com,aR1IwC2hj_a
823,Des,Eykelhof,19,deykelhofmu@pinterest.com,dT5oFvenV0
824,Dael,Dearness,16,ddearnessmv@e-recht24.de,uE92=+`.R
825,Sunshine,Alford,18,salfordmw@arstechnica.com,mT3@yA26L9i
826,Ailene,Ibbeson,22,aibbesonmx@slideshare.net,pN9R2/9
827,Davis,Hagston,14,dhagstonmy@whitehouse.gov,fK1iULos
828,Linnea,Rugieri,13,lrugierimz@forbes.com,wR9gZ<a
829,Tuesday,Smitheman,15,tsmithemann0@gizmodo.com,aH1yv{\pk#t
830,Loni,Hyde-Chambers,20,lhydechambersn1@nytimes.com,"wG3@""aMv"
831,Earl,Niblo,15,eniblon2@bloglines.com,rP8h(jgf
832,Franklin,Hanwright,15,fhanwrightn3@webeden.co.uk,vE5!WKQzD+7C
833,Anetta,Freund,21,afreundn4@nih.gov,vE02.&U\1
834,Cori,Pastor,16,cpastorn5@newyorker.com,tU3v.H3fF
835,Alina,Deeprose,14,adeeprosen6@bravesites.com,vJ8$MAOJL
836,Klemens,Headey,18,kheadeyn7@hubpages.com,pP2>l0#}ggx
837,Elsinore,Innett,21,einnettn8@yale.edu,sR1.L54pbr
838,Trever,Charon,19,tcharonn9@hhs.gov,gK8hOLd
839,Angus,Beavington,23,abeavingtonna@ucsd.edu,cK2vb<
840,Kendell,Czaja,15,kczajanb@cnet.com,"oG9zo|,"
841,Garrik,Wainer,17,gwainernc@rakuten.co.jp,jN3(R\n
842,Thom,Saull,20,tsaullnd@stumbleupon.com,jX6(UT~BBm$n
843,Kania,Bassam,21,kbassamne@amazon.de,qN4b1bG()
844,Beatrice,Rapi,16,brapinf@dropbox.com,rP03b4aJ
845,Clemmie,Mallender,21,cmallenderng@kickstarter.com,eA1P\{N
846,Louise,Zold,16,lzoldnh@hc360.com,iX5gYhYTt
847,Mayne,Peyro,18,mpeyroni@newsvine.com,uH8S\E
848,Selig,Martusewicz,18,smartusewicznj@yahoo.co.jp,fQ2P@rsuX
849,Judah,Schulter,24,jschulternk@wordpress.com,xG55rp
850,Trenton,Deverale,13,tdeveralenl@ox.ac.uk,cL0Ljm
851,Juliana,Brick,20,jbricknm@wikia.com,xK4f7voA}
852,Lilyan,Gout,14,lgoutnn@istockphoto.com,zT5rL`
853,Timmy,Kilminster,16,tkilminsterno@google.de,"qV4!'"""
854,Josiah,Murrison,13,jmurrisonnp@shinystat.com,aG3zG2
855,Helga,Blundell,13,hblundellnq@odnoklassniki.ru,hR9t=+
856,Melodie,Strewther,17,mstrewthernr@shinystat.com,mS5~~w#DV
857,Mandel,Mardoll,19,mmardollns@scribd.com,xM3BIv<j+%H
858,Gerti,Bolwell,15,gbolwellnt@feedburner.com,kB3adM.UJQv
859,Enrique,Olivo,19,eolivonu@nhs.uk,yT5's+.s
860,Flori,Draycott,23,fdraycottnv@columbia.edu,uJ2vk3K`s
861,Esther,Crosier,15,ecrosiernw@squidoo.com,dN1'ya'o'
862,Noam,Coatham,23,ncoathamnx@tripadvisor.com,"tE5DhL""?"
863,Vania,Bonnette,23,vbonnetteny@google.com.au,nF3<VREU
864,Kermy,Cullnean,15,kcullneannz@oracle.com,nX14oJ.
865,Jay,Padell,13,jpadello0@tripadvisor.com,kY9yJZ
866,Odella,Yelland,18,oyellando1@tmall.com,hP8%yrUPNI
867,Tait,Dowber,13,tdowbero2@bravesites.com,aJ64{Vzw#9\l
868,Verne,Edworthye,24,vedworthyeo3@unesco.org,nV8+F6~sbY
869,Cherie,Hawkey,23,chawkeyo4@nasa.gov,aI1AF!qxJ
870,Stevy,Sellack,13,ssellacko5@yellowbook.com,"oT5`C,B`|(s0"
871,Culley,Rummings,16,crummingso6@tinyurl.com,"mH7jgJNT""zg9"
872,Fernandina,Richemont,13,frichemonto7@angelfire.com,rO6Yvt1aJ
873,Garald,Gaffey,15,ggaffeyo8@dropbox.com,iZ1%a8@7MVf
874,Kylila,Scroggie,14,kscroggieo9@theglobeandmail.com,lR9D'4B$
875,Gregoor,Wellsman,23,gwellsmanoa@cnet.com,pK8kc}3X
876,Freemon,Aldwich,23,faldwichob@samsung.com,fC5P?Dkz|
877,Ev,Botterman,22,ebottermanoc@engadget.com,mL5<$6So*M&
878,Helen-elizabeth,Le Count,22,hlecountod@cisco.com,yG4bPQzAJYqE
879,Bryon,Klimecki,25,bklimeckioe@merriam-webster.com,yL2vk)keF#
880,Lorrayne,Furmagier,19,lfurmagierof@senate.gov,tE8~j%|{'fw
881,Elana,Blore,19,ebloreog@techcrunch.com,"kD6,Zm"
882,Grissel,Shoreson,25,gshoresonoh@usnews.com,rG0gr9V}'Br
883,Iggy,Bellie,19,ibellieoi@kickstarter.com,lC1o&8UM%
884,Laverne,Ripper,13,lripperoj@angelfire.com,nV1kiakA
885,Fairfax,Gelder,13,fgelderok@ebay.co.uk,vQ2Ux\Z
886,Maximo,Eaken,21,meakenol@baidu.com,sJ5BBb~&
887,Randene,Storck,21,rstorckom@ted.com,gN2sZ&
888,Kristal,Freear,21,kfreearon@cornell.edu,eF4*}T
889,Saundra,Siddons,23,ssiddonsoo@businessinsider.com,kW6BT5V#!qp
890,Aubrey,Nineham,17,aninehamop@nsw.gov.au,"oO0R7H,2SD"
891,Rici,Sonner,15,rsonneroq@gizmodo.com,rI3)A}3G*PT
892,Bron,Yakov,22,byakovor@cnbc.com,bH1R3p~b
893,Freida,Ferne,15,fferneos@technorati.com,zD2YB4m=r
894,Tibold,Hook,20,thookot@oakley.com,fW0$S_f
895,Merrill,Parsisson,13,mparsissonou@sogou.com,"aU65R4)""("""
896,Artemas,Keener,25,akeenerov@over-blog.com,nB2@)P}qA(
897,Kelli,Marsters,24,kmarstersow@whitehouse.gov,"zL8X,pp9u"
898,Ilysa,Tipling,24,itiplingox@deliciousdays.com,"iN8j`W@sn,Oz"
899,Arne,Fritchly,22,afritchlyoy@canalblog.com,hA4k0FbR$T
900,Menard,Kristoffersson,15,mkristofferssonoz@princeton.edu,lE2I3O?x)xN
901,Marijn,Reckus,22,mreckusp0@constantcontact.com,hO4S\L@
902,Addison,Hellsdon,24,ahellsdonp1@clickbank.net,qI6.6G
903,Lowrance,Archley,25,larchleyp2@sun.com,dY75)6
904,Winifred,Luckett,19,wluckettp3@skype.com,"pY7,)K"
905,Waly,Noblett,16,wnoblettp4@geocities.jp,tJ6wt|`9J
906,Jemie,Doman,19,jdomanp5@nyu.edu,"iB4=,UpG"
907,Rodrique,Hutchason,16,rhutchasonp6@fda.gov,rC6#j0D8|
908,Alva,Perutto,20,aperuttop7@sourceforge.net,bZ7k1P!v_+
909,Basil,Estabrook,22,bestabrookp8@businessweek.com,xA1BiS
910,Bess,Reape,20,breapep9@over-blog.com,sU3IfP
911,Henka,Bierton,19,hbiertonpa@vk.com,"iL8=#=+,PLC("
912,Ninette,Dourin,21,ndourinpb@google.cn,iT6s9~P
913,Anette,Petto,25,apettopc@webs.com,"uX2SiM,k#="
914,Abran,Kenworthey,16,akenwortheypd@etsy.com,qO8_v}>|%
915,Vladimir,Melior,15,vmeliorpe@skype.com,bM9tIq
916,Gui,MacCollom,25,gmaccollompf@yellowpages.com,mA0d3uuXNd7R
917,Carey,Thurborn,19,cthurbornpg@nydailynews.com,oC6fJ>)Ud3Cl
918,Donavon,Cluer,14,dcluerph@tamu.edu,jJ0Vb3
919,Meggy,Izsak,20,mizsakpi@vistaprint.com,cI0E72|SZpa
920,Hymie,Croizier,16,hcroizierpj@wikimedia.org,kU0wpZuR
921,Marti,Wisdish,16,mwisdishpk@abc.net.au,"kQ41)""QL"
922,Amory,Raikes,25,araikespl@pcworld.com,tC1INg(O
923,Ingmar,Nehls,25,inehlspm@so-net.ne.jp,iZ9ra'4
924,Bartholomeus,Flade,22,bfladepn@youtu.be,xR8~_UIAGKQ
925,Kenn,Runsey,13,krunseypo@google.fr,iS9(|f2E7vT&
926,Nona,Hakonsen,17,nhakonsenpp@huffingtonpost.com,fR3tvED
927,Sandye,Bosman,15,sbosmanpq@wsj.com,tF6jR6
928,Ansel,Howison,19,ahowisonpr@list-manage.com,fZ3R*eL
929,Willetta,Girod,14,wgirodps@pbs.org,rM5qJjwF
930,Titos,Hyndley,24,thyndleypt@bigcartel.com,"oW2Go<\,X"
931,Cristy,Frobisher,20,cfrobisherpu@slideshare.net,qQ0WPI27
932,Gale,Vaillant,21,gvaillantpv@upenn.edu,aV6/EB\H
933,Brig,Folley,13,bfolleypw@lycos.com,wX7O#W
934,Peter,Veevers,19,pveeverspx@jugem.jp,vB73y_
935,Leonanie,Kubacki,17,lkubackipy@amazon.com,mE71_QSp*
936,Coralyn,Birrel,19,cbirrelpz@boston.com,cC5H{jL
937,Tonnie,Dove,24,tdoveq0@cmu.edu,lQ6)m3O*4iX4
938,Rice,Purser,13,rpurserq1@latimes.com,"jK76'u,x"
939,Stewart,Donnison,19,sdonnisonq2@networkadvertising.org,cA9_oL
940,Jayme,Jackes,16,jjackesq3@github.com,wY3{y4Z
941,Lula,Enochsson,25,lenochssonq4@linkedin.com,yC6$*%?wit&W
942,Godfry,Quarmby,19,gquarmbyq5@china.com.cn,hQ0Sz_
943,Micah,Salmond,13,msalmondq6@epa.gov,yB8@MvU=7!
944,Rex,Kalb,13,rkalbq7@youku.com,"bD6,<`<"
945,Sig,Ayce,14,sayceq8@army.mil,qY0yIz$J
946,Nataniel,Johnsee,16,njohnseeq9@mysql.com,oN6jRK7|Ew8
947,Kelley,Straneo,15,kstraneoqa@friendfeed.com,jT3>RS8*Z
948,Pia,Price,17,ppriceqb@google.cn,cH2Z{`M
949,Jeremy,Whyke,22,jwhykeqc@1und1.de,cB68U?%5X
950,Becki,Miettinen,17,bmiettinenqd@storify.com,fV92wqSq
951,Germayne,Wrist,15,gwristqe@va.gov,aZ2sZ'v`w@
952,Seward,Kull,15,skullqf@msu.edu,iX4HkJ
953,Greggory,Kimbly,23,gkimblyqg@ebay.com,sW6|}h7Ge!>
954,Tracie,Kennermann,13,tkennermannqh@gov.uk,"rC4sh"""
955,Elga,Parris,20,eparrisqi@narod.ru,dY6a'_<No
956,Ossie,Blew,18,oblewqj@illinois.edu,dA5/AN*
957,Aldo,Blackborow,17,ablackborowqk@webs.com,xQ72)Ell.
958,Halley,Vaudin,18,hvaudinql@vistaprint.com,jH4W5R/
959,Marlon,Burrus,17,mburrusqm@cmu.edu,zI6z{XgaGW
960,Eydie,Shottin,18,eshottinqn@dyndns.org,qH3$u<a<iu(
961,Marleen,Stapleton,15,mstapletonqo@mashable.com,cU5DqGMib
962,Tomasina,Maric,16,tmaricqp@rediff.com,hL1W?tYyXC*
963,Evelyn,Ledekker,20,eledekkerqq@addtoany.com,uC82@.el0Mm
964,Gussi,Denyakin,20,gdenyakinqr@berkeley.edu,eJ9L$/.
965,Roselia,Huby,17,rhubyqs@github.com,hT66b?\
966,Portia,Brankley,16,pbrankleyqt@a8.net,mR0Gm/eVq6H
967,Charla,Baylie,21,cbayliequ@opensource.org,qZ1=e~?HugN
968,Corrie,O' Finan,18,cofinanqv@bizjournals.com,wV0CS({
969,Urban,Livick,24,ulivickqw@oracle.com,bZ4clyd
970,Aubine,Phalip,20,aphalipqx@engadget.com,lP0+mhV'Y
971,Hildegarde,Halsey,20,hhalseyqy@naver.com,yX9dX.r
972,Arleen,Maffulli,17,amaffulliqz@surveymonkey.com,uX7)`c
973,Dona,Britner,18,dbritnerr0@163.com,gW05|TIf
974,Maisey,Haughin,13,mhaughinr1@springer.com,nQ0PQa'
975,Gerladina,Coggings,25,gcoggingsr2@themeforest.net,yY6Hi/WXgcBz
976,Clark,Lickorish,18,clickorishr3@state.tx.us,qD9#s/
977,Keefe,Poker,14,kpokerr4@constantcontact.com,gA9!<|
978,Scarlet,Pretswell,21,spretswellr5@timesonline.co.uk,hE5Zgx@
979,Kevyn,Gabbitis,13,kgabbitisr6@acquirethisname.com,lU0ox_5X`K+
980,Karee,Dobbinson,13,kdobbinsonr7@buzzfeed.com,uA0u~C
981,Elysee,Lucks,20,elucksr8@mashable.com,zA4xl`/Z<
982,Sheffie,Soda,20,ssodar9@topsy.com,bT9594
983,Ford,Leaver,20,fleaverra@weather.com,yO8.mpB%T
984,Tatiania,Brogioni,21,tbrogionirb@odnoklassniki.ru,eH7/zb
985,Audry,Toler,15,atolerrc@cmu.edu,dY4Ge%%8
986,Inga,Sheilds,15,isheildsrd@constantcontact.com,"mE6y'M""}S.p"
987,Emery,Jehu,18,ejehure@geocities.jp,nO1fF#QpTMaX
988,Jandy,Deble,13,jdeblerf@bbc.co.uk,pF9n'X
989,Nataline,Dugget,15,nduggetrg@census.gov,"pN2#_r$rOE"""
990,Charmian,Wallace,16,cwallacerh@bloomberg.com,dR8<9X
991,Somerset,Jillins,18,sjillinsri@amazon.de,tP6/5C
992,Graehme,Kundert,15,gkundertrj@last.fm,nM9J5pD}
993,Neda,Brimman,15,nbrimmanrk@nps.gov,uZ4$(0c@42Y
994,Dani,Cotes,14,dcotesrl@booking.com,uB1VeIqHs
995,Maggy,Muckart,20,mmuckartrm@opera.com,jJ9kBJ
996,Ronica,Impy,15,rimpyrn@sitemeter.com,yM6DVFQ
997,Aldrich,Brainsby,13,abrainsbyro@jugem.jp,"jR4""v_mDBQ0%"
998,Edee,Ateridge,23,eateridgerp@hubpages.com,"vN6vGYh"""
999,Barret,MacDougal,14,bmacdougalrq@bloglovin.com,kD7mjsgj/
1000,Neale,Kerman,21,nkermanrr@joomla.org,wW4>G6f{*FZ
